id;code;start_datetime;no_passengers;no_kids;no_pets;created_date;tour_id
1;feather lest reach;2024-04-13;20765;10911;9173;2024-04-14;1
2;ugh oh plus;2024-04-14;16578;29499;29466;2024-04-14;2
3;cite definition;2024-04-13;16484;29276;32147;2024-04-14;3
4;person presume till;2024-04-14;12498;11996;31679;2024-04-14;4
5;very meh;2024-04-13;23018;3029;5716;2024-04-14;5
6;meanwhile;2024-04-13;7310;1224;13894;2024-04-14;6
7;than attribute;2024-04-13;9057;24665;26744;2024-04-14;7
8;frightened fraternize;2024-04-13;22241;27733;21657;2024-04-14;8
9;by meanwhile ouch;2024-04-14;8465;8325;7635;2024-04-13;9
10;before;2024-04-13;6113;29735;2;2024-04-13;10
